{"cameraMode":{"drawMode":0,"name":"Shaded","section":"Shading Mode"},"sceneLighting":true,"audioPlay":false,"sceneViewState":{"m_AlwaysRefresh":false,"showFog":true,"showSkybox":true,"showFlares":true,"showImageEffects":true,"showParticleSystems":true,"showVisualEffectGraphs":true,"m_FxEnabled":true},"in2DMode":false,"pivot":{"x":25.326152801513673,"y":101.34384155273438,"z":-88.398193359375},"rotation":{"x":0.29121556878089907,"y":0.004304985050112009,"z":-0.0013104792451485992,"w":0.9566482305526733},"size":76.82845306396485,"orthographic":false}