{"cameraMode":{"drawMode":0,"name":"Shaded","section":"Shading Mode"},"sceneLighting":true,"audioPlay":false,"sceneViewState":{"m_AlwaysRefresh":false,"showFog":true,"showSkybox":true,"showFlares":true,"showImageEffects":true,"showParticleSystems":true,"showVisualEffectGraphs":true,"m_FxEnabled":true},"in2DMode":false,"pivot":{"x":338.35919189453127,"y":297.4245300292969,"z":33.561363220214847},"rotation":{"x":-0.04031980782747269,"y":-0.09129764139652252,"z":-0.0036995005793869497,"w":0.9950037598609924},"size":606.2286376953125,"orthographic":true}