{"cameraMode":{"drawMode":0,"name":"Shaded","section":"Shading Mode"},"sceneLighting":true,"audioPlay":false,"sceneViewState":{"m_AlwaysRefresh":false,"showFog":true,"showSkybox":true,"showFlares":true,"showImageEffects":true,"showParticleSystems":true,"showVisualEffectGraphs":true,"m_FxEnabled":true},"in2DMode":false,"pivot":{"x":1044.6744384765625,"y":687.4720458984375,"z":21.65283203125},"rotation":{"x":0.005999542772769928,"y":-0.01199929229915142,"z":0.0000721839169273153,"w":0.999911367893219},"size":1014.9615478515625,"orthographic":true}