{"cameraMode":{"drawMode":0,"name":"Shaded","section":"Shading Mode"},"sceneLighting":true,"audioPlay":false,"sceneViewState":{"m_AlwaysRefresh":false,"showFog":true,"showSkybox":true,"showFlares":true,"showImageEffects":true,"showParticleSystems":true,"showVisualEffectGraphs":true,"m_FxEnabled":true},"in2DMode":false,"pivot":{"x":3.8945326805114748,"y":-1.9812607765197755,"z":-2.158247947692871},"rotation":{"x":-0.34287774562835696,"y":0.13951560854911805,"z":-0.05132966861128807,"w":-0.9276842474937439},"size":12.334528923034668,"orthographic":true}