{"cameraMode":{"drawMode":0,"name":"Shaded","section":"Shading Mode"},"sceneLighting":false,"audioPlay":false,"sceneViewState":{"m_AlwaysRefresh":false,"showFog":true,"showSkybox":false,"showFlares":true,"showImageEffects":true,"showParticleSystems":true,"showVisualEffectGraphs":true,"m_FxEnabled":true},"in2DMode":false,"pivot":{"x":0.043016672134399417,"y":0.740716814994812,"z":-59.969810485839847},"rotation":{"x":0.17279447615146638,"y":0.5835198163986206,"z":-0.12832531332969666,"w":0.783233106136322},"size":1.5462260246276856,"orthographic":true}